id,reduced_comp,in_icsd,num_atoms,relaxed_volume,predicted_energy,vol_energyperatom,full_energyperatom,predicted_decomp,decomp_energy,sc_decomp_energy,mv_id,Formula,E_hull-m (eV/atom),Final M3GNet energy (eV),Form. Energy E_f (eV/atom),Band Gap E_g (eV),Bulk Modulus K (GPa),Shear Modulus G (GPa),Metal Prob.
Li1Sc2F7_icsd_016350_1,LiSc2F7,False,10,148.01,-6.136,-6.1712,-6.302,-1.6281,-1.7941,-1.7931,mv-17612835,LiSc2F7,0.041,-130.096,-4.042,5.783,32.6,17.8,0.0
Na1Sc2F7_icsd_047227_1,NaSc2F7,False,20,292.42,-6.1389,-6.1818,-6.184,-2.9129,-2.9579,-1.758,mv-19344622,NaSc2F7,0.013,-128.814,-4.03,5.947,30.1,19.3,0.0
K1Y2Br7_icsd_201429_1,KY2Br7,False,40,1436.96,-4.2552,-4.2483,-4.252,-1.7122,-1.709,-0.8412,mv-19344925,KY2Br7,0.043,-87.833,-1.865,3.441,17.7,6.3,0.0
Na1Y2Br7_icsd_201429_1,NaY2Br7,False,40,1471.84,-4.1781,-4.1744,-4.206,-1.3689,-1.3968,-0.83,mv-19344703,NaY2Br7,0.048,-87.43,-1.834,3.541,18.1,10.1,0.0
Li1Y2Br7_icsd_201429_1,LiY2Br7,False,40,1411.76,-4.1759,-4.1644,-4.233,-1.5968,-1.6539,-0.8084,mv-17613089,LiY2Br7,0.05,-88.527,-1.815,3.437,18.2,7.3,0.0
K1Sc2Br7_icsd_067168_1,KSc2Br7,False,20,696.85,-4.0274,-4.0154,-4.026,-1.5925,-1.591,-0.7766,mv-21560483,KSc2Br7,-0.016,-84.523,-1.698,3.081,17.4,5.0,0.0
Na1Sc2Br7_icsd_067168_1,NaSc2Br7,False,20,672.99,-3.934,-3.9321,-3.971,-1.2446,-1.2816,-0.7522,mv-19344696,NaSc2Br7,0.004,-84.011,-1.676,3.183,22.4,11.7,0.02
Li1Sc2Br7_icsd_074876_1,LiSc2Br7,False,20,857.24,-3.9388,-3.9109,-3.934,-1.4677,-1.4629,-0.6594,mv-17612837,LiSc2Br7,-0.0,-85.042,-1.672,2.967,20.2,9.3,0.03
Li1Sc2Hf1Br11_icsd_081223_1,LiHfSc2Br11,False,15,511.14,-3.9673,-3.958,-4.079,-1.4173,-1.5289,-0.5537,,,,,,,,,
K1Sc2I7_icsd_067168_1,KSc2I7,False,20,880.84,-3.48,-3.4741,-3.492,-1.1164,-1.1284,-0.5504,,,,,,,,,
Na1Sc2I7_icsd_067168_1,NaSc2I7,False,20,894.75,-3.3991,-3.3898,-3.446,-1.0585,-1.1054,-0.5374,,,,,,,,,
Na1Al2Br7_icsd_050701_1,NaAl2Br7,False,40,1894.64,-3.2567,-3.2395,-3.272,-1.0672,-1.0826,-0.5264,mv-20796327,NaAl2Br7,0.002,-130.62,-1.242,4.181,8.7,6.5,0.0
K1Al2Br7_icsd_000012_1,KAl2Br7,False,40,1550.34,-3.2995,-3.2893,-3.298,-1.0945,-1.093,-0.523,mv-19344915,KAl2Br7,-0.006,-66.175,-1.295,4.089,7.3,3.5,0.0
Li1Al2Br7_icsd_074876_1,LiAl2Br7,False,20,732.62,-3.2936,-3.2775,-3.293,-1.0525,-1.0519,-0.5012,mv-20796216,LiAl2Br7,-0.005,-131.943,-1.214,4.273,8.1,3.7,0.0
Li1Y2Hf1Br11_icsd_081223_1,LiY2HfBr11,False,15,517.6,-4.1112,-4.0973,-4.212,-1.4892,-1.5899,-0.4873,,,,,,,,,
Na1Y2Hf1Br11_icsd_081223_1,NaY2HfBr11,False,15,538.96,-4.1109,-4.0867,-4.188,-1.3355,-1.4125,-0.4813,,,,,,,,,
K1Y2Hf1Br11_icsd_081223_1,KY2HfBr11,False,15,570.58,-4.1248,-4.0969,-4.204,-1.5268,-1.606,-0.4667,,,,,,,,,
Na1Sc2Hf1Br11_icsd_081223_1,NaHfSc2Br11,False,15,501.11,-3.9599,-3.9408,-4.005,-1.2643,-1.3094,-0.455,,,,,,,,,
K1Sc2Hf1Br11_icsd_081223_1,KHfSc2Br11,False,15,533.96,-3.9522,-3.9376,-4.026,-1.4263,-1.5,-0.4393,,,,,,,,,
Li1Sc2I7_icsd_074876_1,LiSc2I7,False,20,1099.63,-3.3987,-3.379,-3.405,-0.6274,-0.6337,-0.4382,,,,,,,,,
Na1Sc3F9I1_icsd_028012_2,NaSc3IF9,False,28,683.41,-5.653,-5.6333,-5.895,-1.747,-1.9894,-0.4187,,,,,,,,,
K1Hf1Al2Br11_icsd_081223_1,KHfAl2Br11,False,15,840.4,-3.2566,-3.2458,-3.606,-0.884,-1.2334,-0.3814,,,,,,,,,
Li1Sc3F9Cl1_icsd_010384_2,LiSc3ClF9,False,28,570.39,-5.7295,-5.716,-5.88,-1.5777,-1.7282,-0.3711,,,,,,,,,
K1Ti2F9_icsd_084364_1,KTi2F9,False,24,435.99,-5.5334,-5.4815,-5.816,-0.2641,-0.5468,-0.3645,mv-10668224,KTi2F9,-0.001,-147.113,-3.652,4.84,14.3,7.0,0.0
Na1Sc3F9Cl1_icsd_018100_2,NaSc3ClF9,False,28,615.7,-5.699,-5.6848,-5.811,-2.463,-2.5748,-0.3608,,,,,,,,,
Na1Ti2F9_icsd_084364_1,NaTi2F9,False,24,385.99,-5.486,-5.453,-5.776,-0.2145,-0.5045,-0.3327,mv-10965930,NaTi2F9,0.017,-146.712,-3.609,4.279,17.6,9.4,0.0
Li1Sc3F9Br1_icsd_018100_2,LiSc3BrF9,False,28,577.2,-5.6979,-5.6887,-5.86,-1.2676,-1.4297,-0.3218,,,,,,,,,
Na1Sc3F9Br1_icsd_018100_2,NaSc3BrF9,False,28,629.26,-5.6696,-5.6612,-5.791,-2.1548,-2.2763,-0.3194,,,,,,,,,
Li1Hf1Al2Br11_icsd_081223_1,LiHfAl2Br11,False,15,516.54,-3.2989,-3.2823,-3.519,-0.9021,-1.1223,-0.3081,,,,,,,,,
Na1Sc2Ti1F11_icsd_081223_1,NaSc2TiF11,False,15,219.06,-6.0764,-6.0227,-6.146,-2.1947,-2.2642,-0.2923,,,,,,,,,
Li1Sc2Ti1F11_icsd_081223_1,LiSc2TiF11,False,15,207.64,-6.1137,-6.0629,-6.199,-1.3775,-1.4627,-0.2666,,,,,,,,,
Na1Sc3Br8I2_icsd_067711_1,NaSc3(IBr4)2,False,14,554.79,-3.5811,-3.4684,-3.96,-0.9802,-1.3591,-0.2617,,,,,,,,,
Li1Sc3Br8I2_icsd_067711_1,LiSc3(IBr4)2,False,14,501.87,-3.6,-3.4753,-3.984,-1.044,-1.4284,-0.2583,,,,,,,,,
K1Sc3F8Br2_icsd_067711_1,KSc3(BrF4)2,False,14,225.09,-5.4375,-5.3975,-5.736,-0.2232,-0.5217,-0.2506,,,,,,,,,
Li1Ti2Zn1F11_icsd_078867_1,LiTi2ZnF11,False,15,191.21,-5.4607,-5.442,-5.448,-0.3963,-0.3836,-0.2304,mv-5953176,LiTi2ZnF11,0.064,-85.662,-3.405,3.416,55.8,23.1,0.0
K1Sc2Ti1F11_icsd_081223_1,KSc2TiF11,False,15,235.86,-5.9935,-5.9433,-6.118,-0.1045,-0.229,-0.229,,,,,,,,,
Li1Ti2Hg1F11_icsd_078867_2,LiTi2HgF11,False,15,207.59,-5.1459,-5.1486,-5.199,-0.3243,-0.3774,-0.2242,mv-5953187,LiTi2HgF11,0.067,-81.619,-3.173,1.796,46.1,15.3,0.01
Na1Hf1Al2Br11_icsd_081223_1,NaHfAl2Br11,False,15,527.89,-3.2808,-3.2592,-3.423,-0.9185,-1.0607,-0.2213,,,,,,,,,
Li1Sc3F8I2_icsd_067711_1,LiSc3(IF4)2,False,14,218.64,-5.3646,-5.2862,-5.612,-0.8673,-1.1147,-0.2045,,,,,,,,,
Na1W2Zn4N7_icsd_100778_1,NaZn4W2N7,False,14,184.85,-6.1908,-6.1763,-6.269,-0.1136,-0.1918,-0.1903,,,,,,,,,
Na1La1N8P4_icsd_001838_1,NaLa(PN2)4,False,14,168.94,-7.4198,-7.2085,-7.497,-0.1552,-0.2324,-0.1895,,,,,,,,,
K3W1N3_icsd_074969_1,K3WN3,False,14,296.54,-5.8341,-5.749,-5.785,-0.4651,-0.416,-0.1867,,,,,,,,,
Li1Ti1F5_icsd_064674_2,LiTiF5,False,28,389.34,-5.7012,-5.6225,-5.725,-0.2675,-0.2913,-0.1791,mv-20720307,LiTiF5,0.043,-167.461,-3.557,4.974,22.8,10.6,0.0
Li1Sc3F9I1_icsd_018100_2,LiSc3IF9,False,28,589.64,-5.67,-5.6601,-5.838,-1.094,-1.262,-0.168,,,,,,,,,
Na2Hf1O3_icsd_025019_1,Na2HfO3,False,48,617.51,-6.9155,-6.9355,-6.937,-0.2258,-0.2473,-0.1673,mv-7215082,Na2HfO3,-0.232,-172.792,-2.992,3.986,91.7,40.6,0.0
K1Sc3Br2I8_icsd_067711_1,KSc3(I4Br)2,False,14,686.53,-3.214,-3.1291,-3.534,-0.817,-1.137,-0.1564,,,,,,,,,
Na2Zr1O3_icsd_025019_1,Na2ZrO3,False,48,631.33,-6.5924,-6.593,-6.597,-0.2329,-0.2375,-0.1544,mv-7215074,Na2ZrO3,0.024,-164.269,-2.894,4.085,84.9,38.5,0.0
K3B1O3_icsd_391170_1,K3BO3,False,28,479.56,-5.4466,-5.4328,-5.462,-0.1517,-0.1671,-0.1527,mv-24416155,K3BO3,-0.176,-153.461,-2.234,2.89,38.1,17.4,0.01
Li1W2Zn4N7_icsd_100778_1,LiZn4W2N7,False,14,177.39,-6.3844,-6.3447,-6.362,-0.1774,-0.155,-0.1518,,,,,,,,,
Li1La1N8P4_icsd_280042_2,LiLa(PN2)4,False,14,159.29,-7.5471,-7.4175,-7.517,-0.2229,-0.1927,-0.1488,,,,,,,,,
K1W1F4N1_icsd_072740_1,KWNF4,False,28,479.39,-6.141,-6.0997,-6.137,-0.174,-0.1709,-0.1454,,,,,,,,,
Li1Sc2Y1F2Br8_icsd_408052_1,LiYSc2(Br4F)2,False,28,954.84,-3.854,-3.7863,-4.548,-0.54,-1.2345,-0.1444,,,,,,,,,
Li1Sc3F6Br4_icsd_060959_1,LiSc3(Br2F3)2,False,28,510.43,-4.5333,-4.5052,-5.368,-0.419,-1.2537,-0.1374,,,,,,,,,
Li1Hf2N3_icsd_088097_1,LiHf2N3,False,24,284.07,-8.7384,-8.6932,-8.745,-0.2362,-0.2428,-0.1294,mp-1029331,LiHf2N3,0.0,-111.658,-1.682,0.63,132.2,53.1,0.0
Li1Sc1Y2Cl2Br8_icsd_408052_1,LiY2Sc(Br4Cl)2,False,28,1017.02,-3.669,-3.5588,-4.331,-0.642,-1.3035,-0.1282,,,,,,,,,
Li1Hf2Br7O1_icsd_161499_2,LiHf2Br7O,False,11,378.7,-3.96,-3.8477,-4.869,-0.198,-1.1074,-0.1276,,,,,,,,,
Na1Y1N8P4_icsd_037011_1,NaY(PN2)4,False,14,159.71,-7.5303,-7.4409,-7.581,-0.1207,-0.1713,-0.1269,,,,,,,,,
Li2Hf1N2_Li2Hf1N2_sg71_icsd_641302_2_1,Li2HfN2,False,10,102.94,-6.9168,-6.9319,-6.927,-0.262,-0.2723,-0.1266,mp-1097065,Li2HfN2,0.013,-36.381,-1.348,1.791,122.5,132.7,0.11
Na1Sc3Cl2I8_icsd_067711_1,NaSc3(I4Cl)2,False,14,563.11,-3.209,-3.1402,-3.733,-0.35,-0.8737,-0.123,,,,,,,,,
K3W1S3N1_icsd_098651_1,K3WS3N,False,16,481.69,-5.1709,-5.1536,-5.178,-0.1148,-0.122,-0.122,mv-16307201,K3WS3N,-0.038,-88.717,-1.189,2.121,14.0,12.7,0.0
Na2Hf1S3_icsd_261236_1,Na2HfS3,False,48,1031.68,-5.347,-5.3637,-5.37,-0.1367,-0.1597,-0.1189,mv-7215104,Na2HfS3,-0.139,-135.078,-1.819,2.021,46.8,22.5,0.0
Na1Sc3F8Br2_icsd_067711_1,NaSc3(BrF4)2,False,14,212.65,-5.456,-5.4134,-5.746,-1.7884,-2.0784,-0.118,,,,,,,,,
Li2Zr1Br6_Zn1Sb2S6_sg148_icsd_078684_1_1,Li2ZrBr6,False,27,837.4,-3.7647,-3.7503,-3.77,-0.1898,-0.1951,-0.1178,mv-28209183,Li2ZrBr6,0.006,-105.695,-1.48,1.999,17.7,8.9,0.01
Li2Hf1Br6_Zn1Sb2S6_sg148_icsd_078684_1_1,Li2HfBr6,False,27,836.07,-3.9255,-3.9253,-3.952,-0.9475,-0.974,-0.1167,mv-4161319,Li2HfBr6,0.035,-36.501,-1.447,3.525,8.2,3.4,0.02
Na2Zr1S3_icsd_412158_1,Na2ZrS3,False,12,261.23,-5.0994,-5.0983,-5.098,-0.1631,-0.1617,-0.1165,mv-7215096,Na2ZrS3,0.024,-128.403,-1.779,1.785,43.4,22.0,0.17
Li1Al3Cl2Br8_icsd_020114_1,LiAl3(Br4Cl)2,False,28,1275.06,-2.9778,-2.9185,-3.387,-0.4606,-0.8697,-0.1154,,,,,,,,,
K1Al1S2_icsd_170788_1,KAlS2,False,32,809.79,-4.6086,-4.5836,-4.586,-0.272,-0.2494,-0.1112,mv-31546810,KAlS2,-0.258,-73.537,-1.624,3.522,27.1,6.7,0.0
Li1Ti2N3_icsd_088097_1,LiTi2N3,False,24,234.18,-7.6934,-7.6848,-7.728,-0.1614,-0.196,-0.1096,,,,,,,,,
K1Sc1S2_icsd_262056_1,KScS2,False,4,95.33,-5.4131,-5.4003,-5.401,-0.184,-0.1719,-0.1088,mv-31549479,KScS2,-0.135,-45.24,-2.09,2.132,56.5,30.7,0.0
K2W1Ge1N4_icsd_034564_1,K2GeWN4,False,32,571.6,-6.5027,-6.4786,-6.583,-0.1752,-0.2555,-0.1081,,,,,,,,,
Na1Sc1Y2Cl2Br8_icsd_408052_1,NaY2Sc(Br4Cl)2,False,28,1035.71,-3.675,-3.5771,-4.293,-0.484,-1.1012,-0.1078,,,,,,,,,
Li1Al3Br8I2_icsd_020114_1,LiAl3(IBr4)2,False,28,1409.65,-2.862,-2.7868,-3.195,-0.55,-0.8829,-0.1059,,,,,,,,,
Li1Sc3Br2I8_icsd_067711_1,LiSc3(I4Br)2,False,14,584.37,-3.204,,-3.502,-0.544,-0.8419,-0.1017,,,,,,,,,
K6W1P4_icsd_280584_1,K6P4W,False,22,706.51,-3.8737,-3.8578,-3.87,-0.1108,-0.1071,-0.1008,,,,,,,,,
Na1Sc3F6Br4_icsd_060959_1,NaSc3(Br2F3)2,False,28,530.78,-4.5257,-4.5081,-5.302,-1.0854,-1.8617,-0.0988,,,,,,,,,
Li1Hf2Cl2Br7_icsd_088843_2,LiHf2Br7Cl2,False,24,732.14,-3.854,-3.7488,-4.276,-0.574,-0.9962,-0.0981,,,,,,,,,
Li2Hf1O3_icsd_089538_1,Li2HfO3,False,12,123.62,-7.3062,-7.2931,-7.298,-0.1103,-0.1021,-0.098,mp-755352,Li2HfO3,0.0,-91.16,-3.182,4.835,109.9,76.0,0.0
Na1Hf2Br8I1_icsd_027737_2,NaHf2IBr8,False,24,998.71,-3.92,-3.8869,-4.038,-1.032,-1.1502,-0.0942,,,,,,,,,
Li1Sc1I4_icsd_104188_2,LiScI4,False,6,230.73,-3.426,-3.4231,-3.443,-0.3088,-0.3258,-0.0936,,,,,,,,,
K3La1W1N4_icsd_078975_1,K3LaWN4,False,36,731.48,-6.098,-6.1496,-6.265,-0.25,-0.417,-0.0935,,,,,,,,,
Na2Hf1F6_icsd_068980_1,Na2HfF6,False,18,278.71,-5.9036,-5.9035,-5.905,-0.1107,-0.1122,-0.091,mv-28216538,Na2HfF6,0.011,-109.158,-3.722,6.925,31.2,17.2,0.01
Li1Sc1Br4_icsd_104188_2,LiScBr4,False,6,183.64,-3.9256,-3.9222,-3.951,-1.3138,-1.3392,-0.0908,mv-25752399,LiScBr4,-0.007,-98.565,-1.599,3.544,12.9,3.1,0.01
Li1Sc2Zr1Br11_icsd_081223_1,LiZrSc2Br11,False,15,512.37,-3.8826,-3.8621,-3.974,-0.9744,-1.0658,-0.0905,,,,,,,,,
K2Hf1W1N4_icsd_015618_1,K2HfWN4,False,16,311.48,-7.2898,-7.367,-7.504,-0.1785,-0.3927,-0.09,,,,,,,,,
Li2Ti1N2_icsd_071626_2,Li2TiN2,False,5,45.52,-6.2043,-6.2745,-6.28,-0.1317,-0.2074,-0.0898,mp-1245502,Li2TiN2,0.0,-33.776,-1.25,0.753,128.0,113.3,0.68
K1La1N3P1_icsd_249567_1,KLaPN3,False,24,433.03,-6.8099,-6.7275,-6.787,-0.1293,-0.1064,-0.0856,,,,,,,,,
Na2Hf1N2_icsd_095112_2,Na2HfN2,False,5,86.9,-6.3117,-6.2426,-6.253,-0.1922,-0.1335,-0.084,mp-1029309,Na2HfN2,0.033,-33.066,-0.899,-0.0,74.3,17.2,0.47
K2W1Si1N4_icsd_036644_2,K2SiWN4,False,16,286.13,-6.8417,-6.7955,-6.959,-0.2086,-0.3259,-0.0832,,,,,,,,,
Li2Sn1F6_icsd_023173_1,Li2SnF6,False,18,216.09,-4.8963,-4.8607,-4.866,-0.1499,-0.1196,-0.0827,mp-1205739,Li2SnF6,0.014,-43.671,-3.047,4.798,54.5,35.0,0.0
K4Hf1O4_icsd_000158_1,K4HfO4,False,18,383.42,-5.7023,-5.6959,-5.695,-0.1207,-0.1134,-0.0812,mp-1211649,K4HfO4,0.013,-106.215,-2.439,3.051,31.9,13.9,0.0
Li1Y3Br9I1_icsd_010384_2,LiY3IBr9,False,28,1447.01,-3.932,-3.8966,-3.94,-1.2545,-1.2625,-0.0811,,,,,,,,,
Li1Sc3F8Br2_icsd_067711_1,LiSc3(BrF4)2,False,14,206.84,-5.484,-5.4329,-5.777,-1.1424,-1.4354,-0.081,,,,,,,,,
Na1Cd1P1_icsd_009571_1,NaCdP,False,12,257.01,-2.8737,-2.8695,-2.869,-0.113,-0.1083,-0.0806,,,,,,,,,
K1Sc1Y2Br8I2_icsd_408052_1,KY2Sc(IBr4)2,False,28,1149.35,-3.623,,-4.099,-0.858,-1.3348,-0.0798,,,,,,,,,
Li1Sc3Cl1Br9_icsd_018100_2,LiSc3Br9Cl,False,28,1221.19,-3.8165,,-3.806,-1.1345,-1.124,-0.0791,,,,,,,,,
Li2Hf1W1N4_icsd_183705_1,Li2HfWN4,False,16,201.45,-7.8242,-7.7798,-7.845,-0.1018,-0.1227,-0.0744,,,,,,,,,
K2Zr1W1N4_icsd_015618_1,K2ZrWN4,False,16,314.51,-7.1162,-7.1713,-7.276,-0.2098,-0.3695,-0.0727,,,,,,,,,
Na1Y3Br9I1_icsd_018100_2,NaY3IBr9,False,28,1516.58,-3.923,-3.8804,-3.911,-1.081,-1.0691,-0.0714,,,,,,,,,
K3Al1S3_icsd_016534_1,K3AlS3,False,14,410.36,-4.0429,-4.047,-4.06,-0.2046,-0.2217,-0.0712,mv-22816410,K3AlS3,-0.216,-113.544,-1.549,2.952,23.3,8.9,0.0
Na4Zn1N2_icsd_067262_1,Na4ZnN2,False,7,116.91,-3.2572,-3.2595,-3.276,-0.1147,-0.1335,-0.0707,,,,,,,,,
Li2W1Ge1N4_icsd_193838_2,Li2GeWN4,False,16,198.18,-6.9845,-6.9391,-6.946,-0.1462,-0.1077,-0.0705,,,,,,,,,
Na1Sc3Br1I9_icsd_018100_2,NaSc3I9Br,False,28,1590.4,-3.2669,,-3.281,-0.8287,-0.8428,-0.0691,,,,,,,,,
Na1Zn1N1_icsd_073529_2,NaZnN,False,12,164.7,-3.684,-3.5818,-3.639,-0.1914,-0.1465,-0.0686,mp-1029357,NaZnN,0.094,-21.644,-0.116,-0.0,66.1,24.0,0.01
K1W1N4P1_icsd_083449_2,KPWN4,False,14,239.67,-7.5628,-7.5313,-7.603,-0.1645,-0.2047,-0.0683,,,,,,,,,
K1W1Zn1N3_icsd_047177_1,KZnWN3,False,12,174.64,-6.3963,-6.3426,-6.492,-0.2295,-0.3252,-0.0682,,,,,,,,,
K1Cd1P1_icsd_001130_5,KCdP,False,6,157.78,-2.844,-2.8079,-2.81,-0.1068,-0.0729,-0.0675,,,,,,,,,
Li1Sc2Al1Cl2Br8_icsd_422132_1,LiSc2Al(Br4Cl)2,False,28,898.78,-3.289,-3.2186,-3.87,-0.418,-0.999,-0.0671,,,,,,,,,
Na1Hf2Cl1Br8_icsd_027737_2,NaHf2Br8Cl,False,24,961.92,-3.978,-3.9444,-4.132,-0.976,-1.1305,-0.0661,,,,,,,,,
Na1Y1Al2Cl2Br8_icsd_408052_1,NaYAl2(Br4Cl)2,False,28,1002.68,-3.309,-3.2398,-3.674,-0.35,-0.7151,-0.0648,,,,,,,,,
Li1Sc1Y1Br7_icsd_408563_1,LiYScBr7,False,20,686.47,-4.0594,-4.0321,-4.147,-1.5344,-1.6219,-0.0635,,,,,,,,,
K2Sn1F6_icsd_062134_1,K2SnF6,False,36,712.66,-4.7286,-4.6759,-4.707,-0.2617,-0.2401,-0.0635,mv-23753134,K2SnF6,-0.006,-168.827,-3.042,5.307,19.3,9.3,0.0
Li2W1Si1N4_icsd_183705_2,Li2SiWN4,False,16,188.16,-7.4041,-7.3172,-7.352,-0.1354,-0.0833,-0.0626,,,,,,,,,
Li1Zr2N3_icsd_088097_1,LiZr2N3,False,24,295.08,-8.1733,-8.0648,-8.111,-0.1241,-0.0617,-0.0617,mp-1029297,LiZr2N3,0.0,-104.319,-1.532,1.145,125.8,33.5,0.0
K2Hf1Br6_icsd_035557_1,K2HfBr6,False,18,655.62,-3.8868,-3.8944,-3.903,-0.9891,-1.0053,-0.0607,mv-28209402,K2HfBr6,-0.042,-109.081,-1.612,3.096,7.9,3.0,0.0
Na2Zr1Br6_icsd_027016_1,Na2ZrBr6,False,27,903.47,-3.6537,-3.6346,-3.64,-0.1936,-0.1799,-0.0595,mv-28209246,Na2ZrBr6,-0.033,-103.335,-1.503,2.526,16.4,9.1,0.0
Li2Zr1S3_icsd_088097_1,Li2ZrS3,False,24,442.19,-5.3439,-5.3226,-5.332,-0.1043,-0.0924,-0.0594,mv-7214524,Li2ZrS3,-0.004,-133.384,-1.786,1.595,47.8,31.1,0.01
Na2Ti1Zn3N4_icsd_033279_1,Na2TiZn3N4,False,40,517.65,-4.8677,-4.8898,-4.907,-0.1078,-0.147,-0.0591,,,,,,,,,
K1Al3Br9I1_icsd_281588_2,KAl3IBr9,False,28,1329.18,-3.1065,-3.0359,-3.052,-0.8941,-0.8396,-0.0589,,,,,,,,,
K1Hf2Br8I1_icsd_027737_2,KHf2IBr8,False,24,1031.26,-3.969,-3.9383,-4.055,-1.0682,-1.1542,-0.0585,,,,,,,,,
Li1Hf2Br8I1_icsd_421981_1,LiHf2IBr8,False,24,945.63,-3.946,-3.865,-4.06,-1.015,-1.1291,-0.0584,,,,,,,,,
K2Zr1Br6_icsd_035557_1,K2ZrBr6,False,18,661.81,-3.7207,-3.7121,-3.722,-0.2261,-0.2274,-0.0576,mv-28209378,K2ZrBr6,-0.072,-105.331,-1.59,2.724,9.7,3.8,0.0
Na1Sc3F8Cl2_icsd_067711_1,NaSc3(ClF4)2,False,14,206.42,-5.5449,-5.5062,-5.859,-2.0011,-2.3152,-0.0572,,,,,,,,,
Na5Ti1N3_icsd_416952_1,Na5TiN3,False,36,564.65,-4.5009,-4.432,-4.46,-0.1445,-0.1037,-0.0557,,,,,,,,,
Li1Y1Al2F2Br8_icsd_408052_1,LiYAl2(Br4F)2,False,28,940.34,-3.42,-3.3759,-4.052,-0.271,-0.9028,-0.0538,,,,,,,,,
K1Hf1Br5_icsd_069563_1,KHfBr5,False,14,582.26,-4.0265,-4.0041,-4.011,-1.1965,-1.181,-0.0537,mv-20720542,KHfBr5,0.007,-118.654,-1.542,3.694,4.7,1.6,0.0
Na1Hf1Br5_icsd_069563_1,NaHfBr5,False,14,491.15,-3.9528,-3.9313,-3.954,-1.145,-1.1462,-0.0526,mv-20720410,NaHfBr5,0.047,-116.93,-1.466,3.843,11.4,4.0,0.0
Na2Hf1Br6_icsd_027016_1,Na2HfBr6,False,27,898.28,-3.8251,-3.8142,-3.82,-0.9619,-0.9568,-0.0512,mv-28209270,Na2HfBr6,-0.002,-107.079,-1.506,3.143,15.8,7.5,0.0
Na1Y2Al1Br8I2_icsd_408052_1,NaY2Al(IBr4)2,False,28,1267.02,-3.2803,-3.2676,-3.797,-0.4081,-0.9248,-0.0504,,,,,,,,,
Li1Sc1Al2F2Br8_icsd_408052_1,LiScAl2(Br4F)2,False,28,907.85,-3.34,-3.2741,-3.967,-0.347,-0.9738,-0.0503,,,,,,,,,
K1Sc2Y1Cl2Br8_icsd_408052_1,KYSc2(Br4Cl)2,False,28,1055.32,-3.813,-3.7417,-4.159,-0.847,-1.193,-0.0502,,,,,,,,,
Li1La1Hf2N4_icsd_097557_2,LiLaHf2N4,False,16,205.01,-8.4206,-8.4758,-8.489,-0.1629,-0.2313,-0.0492,,,,,,,,,
K2W1Zn2N4_icsd_074020_1,K2Zn2WN4,False,36,579.95,-5.4026,-5.3951,-5.569,-0.1527,-0.3192,-0.049,,,,,,,,,
Na1Sc1N8P4_icsd_037011_1,NaSc(PN2)4,False,14,149.42,-7.5231,-7.47,-7.509,-0.1071,-0.093,-0.0485,,,,,,,,,
Na1Sc2Sn1F11_icsd_078867_1,NaSc2SnF11,False,15,225.76,-5.7552,-5.619,-5.725,-2.0486,-2.0184,-0.0465,,,,,,,,,
Na1Al3Br9I1_icsd_028012_2,NaAl3IBr9,False,28,1187.91,-3.062,-2.9941,-3.021,-0.8607,-0.8197,-0.0464,,,,,,,,,
K2Si1S3_icsd_409804_1,K2SiS3,False,12,340.87,-4.4914,-4.457,-4.464,-0.2866,-0.2592,-0.0463,mv-20528916,K2SiS3,-0.242,-106.808,-1.459,3.016,26.0,10.5,0.0
Na1Sc1Al2Cl2Br8_icsd_408052_1,NaScAl2(Br4Cl)2,False,28,987.0,-3.22,-3.1248,-3.589,-0.331,-0.7,-0.0462,,,,,,,,,
K1Sc1Al2Cl2Br8_icsd_408052_1,KScAl2(Br4Cl)2,False,28,1061.78,-3.265,-3.1735,-3.621,-0.541,-0.8967,-0.045,,,,,,,,,
K2Zr3S7_icsd_061050_1,K2Zr3S7,False,24,671.33,-5.8199,-5.82,-5.838,-0.1148,-0.1329,-0.0436,mv-6982577,K2Zr3S7,-0.09,-150.274,-1.887,1.21,29.0,12.9,0.01
Li1Sc3Br9I1_icsd_018100_2,LiSc3IBr9,False,28,1263.96,-3.775,-3.7352,-3.763,-1.292,-1.2798,-0.0431,,,,,,,,,
Li1Y1N8P4_icsd_280042_2,LiY(PN2)4,False,14,153.3,-7.6073,-7.504,-7.555,-0.145,-0.0927,-0.043,,,,,,,,,
Li1Hf2Cd1Br11_icsd_078867_1,LiHf2CdBr11,False,15,494.35,-3.6614,-3.6542,-3.673,-0.9584,-0.97,-0.0428,mv-5967959,LiHf2CdBr11,0.098,-58.942,-1.634,2.359,16.1,4.8,0.0
K1Zr1Br5_icsd_069563_1,KZrBr5,False,14,589.63,-3.8151,-3.7804,-3.786,-0.2177,-0.1886,-0.0424,mv-20720518,KZrBr5,-0.017,-113.232,-1.495,3.056,5.9,2.4,0.0
K2Zr1W3N8_icsd_020114_1,K2ZrW3N8,False,28,569.24,-7.9817,-7.9912,-8.073,-0.2132,-0.3046,-0.0421,,,,,,,,,
Li1Sc3Br6S2_icsd_412467_1,LiSc3(SBr3)2,False,24,666.78,-4.337,-4.3343,-4.681,-0.647,-0.9919,-0.0419,,,,,,,,,
K2Hf1W3N8_icsd_020114_1,K2HfW3N8,False,28,566.57,-8.083,-8.1014,-8.203,-0.1975,-0.3175,-0.0417,,,,,,,,,
K1Zr1Al2Br11_icsd_081223_1,KZrAl2Br11,False,15,838.49,-3.1694,-3.1489,-3.501,-0.4386,-0.7702,-0.0415,,,,,,,,,
K2Zn1S2_icsd_065454_1,K2ZnS2,False,10,269.43,-3.4095,-3.4073,-3.413,-0.1024,-0.1059,-0.0415,mp-1147773,K2ZnS2,0.0,-34.168,-1.329,2.505,22.0,15.1,0.0
Li1Al1Br4_icsd_165607_2,LiAlBr4,False,24,839.99,-3.3574,-3.3334,-3.338,-0.9372,-0.9179,-0.0413,mv-25752291,LiAlBr4,-0.036,-80.097,-1.314,4.186,10.7,4.6,0.0
Na2Zr1N2_icsd_095112_2,Na2ZrN2,False,5,88.95,-5.959,-5.8661,-5.879,-0.1672,-0.0873,-0.0409,mp-1029316,Na2ZrN2,0.042,-31.164,-0.826,0.001,68.1,16.6,0.9
K2Hf1S3_icsd_025019_1,K2HfS3,False,48,1241.99,-5.2543,-5.2739,-5.304,-0.1189,-0.1686,-0.0403,mv-22330241,K2HfS3,-0.169,-66.992,-1.8,2.487,24.1,14.4,0.0
K1Hf2Cl1Br8_icsd_027737_2,KHf2Br8Cl,False,24,1010.58,-4.0281,-3.9951,-4.141,-1.0137,-1.1266,-0.0402,,,,,,,,,
Li1Hf2Hg1Br11_icsd_078867_1,LiHf2HgBr11,False,15,504.22,-3.5248,-3.5211,-3.547,-0.9448,-0.9671,-0.0399,mv-5967965,LiHf2HgBr11,0.086,-57.288,-1.552,1.234,15.6,5.1,0.33
Na1Zr1Br5_icsd_069563_1,NaZrBr5,False,14,494.28,-3.7388,-3.7038,-3.73,-0.1636,-0.1548,-0.0391,mv-20720387,NaZrBr5,0.026,-111.407,-1.413,3.085,12.1,6.3,0.0
K2Ti1W1N4_icsd_034564_1,K2TiWN4,False,32,598.07,-7.0141,-6.9985,-7.09,-0.2666,-0.3425,-0.0386,,,,,,,,,
K4Hf1S4_icsd_037268_1,K4HfS4,False,18,611.11,-4.6273,-4.6276,-4.631,-0.1457,-0.1494,-0.037,mv-14900040,K4HfS4,-0.156,-86.828,-1.7,2.006,21.2,10.0,0.0
K4Sn1S4_icsd_280251_1,K4SnS4,False,36,1222.77,-3.823,-3.8176,-3.83,-0.1425,-0.1495,-0.0368,mv-21134928,K4SnS4,-0.043,-137.839,-1.361,2.355,16.8,8.9,0.0
K2W3Sn1N8_icsd_020114_1,K2SnW3N8,False,28,558.32,-7.5391,-7.5082,-7.598,-0.1341,-0.1931,-0.0362,,,,,,,,,
Na1Sc1Al2F2Br8_icsd_408052_1,NaScAl2(Br4F)2,False,28,932.24,-3.344,-3.2776,-3.933,-0.195,-0.7838,-0.0359,,,,,,,,,
K1Y1Al2Br8I2_icsd_408052_1,KYAl2(IBr4)2,False,28,1210.68,-3.214,-3.111,-3.479,-0.653,-0.9177,-0.0356,,,,,,,,,
Li1Sc1Al1Br7_icsd_085712_1,LiScAlBr7,False,20,722.16,-3.5941,-3.5198,-3.649,-1.2381,-1.2929,-0.0355,,,,,,,,,
K2Zr1S3_icsd_025019_1,K2ZrS3,False,48,1258.33,-5.0145,-5.0164,-5.04,-0.1531,-0.1786,-0.0342,mv-7216240,K2ZrS3,-0.115,-127.493,-1.821,1.797,44.3,22.7,0.01
Li1Sc2Hg1I9_icsd_281502_1,LiSc2HgI9,False,26,1283.03,-2.8247,-2.7662,-2.983,-0.3632,-0.5215,-0.034,,,,,,,,,
K2Ti1W3N8_icsd_020114_1,K2TiW3N8,False,28,548.18,-7.8066,-7.7957,-7.99,-0.1289,-0.3124,-0.0338,,,,,,,,,
Li1La2N4P1_icsd_071623_1,LiLa2PN4,False,32,431.31,-7.3124,-7.1547,-7.227,-0.1527,-0.0673,-0.0337,,,,,,,,,
K1Al1Br4_icsd_169708_1,KAlBr4,False,24,973.39,-3.3232,-3.3038,-3.31,-0.9633,-0.9501,-0.0336,mv-31580096,KAlBr4,-0.013,-79.809,-1.427,4.079,9.2,4.0,0.0
Na1Sc3Cl2Br8_icsd_067711_1,NaSc3(Br4Cl)2,False,14,474.3,-3.676,-3.5931,-4.03,-0.567,-0.9208,-0.0335,,,,,,,,,
K3Y1W1N4_icsd_078975_1,K3YWN4,False,36,686.58,-6.2676,-6.3054,-6.433,-0.1915,-0.3569,-0.0334,,,,,,,,,
K1Sn1F5_icsd_069563_1,KSnF5,False,14,283.13,-4.7312,-4.6993,-4.726,-0.1926,-0.1874,-0.0331,mv-21160741,KSnF5,0.002,-130.961,-2.947,4.447,21.4,6.5,0.0
K4Zr1S4_icsd_037268_1,K4ZrS4,False,18,613.33,-4.4514,-4.4486,-4.451,-0.1525,-0.1521,-0.033,mv-14900024,K4ZrS4,-0.114,-83.469,-1.677,2.365,21.5,9.7,0.0
K2Si2S5_icsd_411028_1,K2Si2S5,False,36,1008.52,-4.7236,-4.7485,-4.754,-0.1751,-0.2055,-0.0328,mv-22097742,K2Si2S5,-0.197,-170.984,-1.357,2.903,23.6,9.5,0.0
K4Si1S4_icsd_245409_1,K4SiS4,False,9,261.4,-4.0612,-4.0514,-4.075,-0.2,-0.2138,-0.0327,mv-22675759,K4SiS4,-0.247,-36.992,-1.459,2.935,18.0,11.8,0.0
Li1Hf1Zn2Br9_icsd_180336_2,LiHfZn2Br9,False,26,995.46,-2.8319,-2.7923,-3.298,-0.1598,-0.6259,-0.0324,,,,,,,,,
K1Sc2Al1Cl2Br8_icsd_072364_2,KSc2Al(Br4Cl)2,False,28,927.03,-3.3508,-3.2851,-3.869,-0.5056,-1.0237,-0.0323,,,,,,,,,
K1Sc1Al2Br8I2_icsd_408052_1,KScAl2(IBr4)2,False,28,1136.81,-3.111,-2.995,-3.399,-0.742,-1.0306,-0.0318,,,,,,,,,
K1Al1Si1S4_icsd_073694_2,KAlSiS4,False,28,770.91,-4.858,-4.8429,-4.896,-0.1361,-0.1741,-0.0316,mv-28538456,KAlSiS4,-0.15,-136.527,-1.405,2.92,22.5,10.6,0.0
K2Ti1W2N6_icsd_020837_1,K2Ti(WN3)2,False,22,440.55,-7.4709,-7.4609,-7.694,-0.1315,-0.3546,-0.0313,,,,,,,,,
Na1Hf2Cd1Br11_icsd_078867_1,NaHf2CdBr11,False,15,511.81,-3.6564,-3.6412,-3.657,-0.9878,-0.9884,-0.0313,mv-5967981,NaHf2CdBr11,0.077,-58.691,-1.655,2.449,14.5,6.4,0.0
Na1Hf2Hg1Br11_icsd_078867_1,NaHf2HgBr11,False,15,523.44,-3.5214,-3.5088,-3.532,-0.9758,-0.9865,-0.0294,mv-5967987,NaHf2HgBr11,0.063,-57.065,-1.576,0.041,14.0,6.7,0.44
Li1Sc2Hg1Br9_icsd_281502_1,LiSc2HgBr9,False,26,968.82,-3.3147,-3.2478,-3.439,-1.0301,-1.1545,-0.0291,,,,,,,,,
K1W1Cd1N3_icsd_030910_1,KCdWN3,False,24,413.06,-6.3341,-6.2194,-6.325,-0.2269,-0.2178,-0.0287,,,,,,,,,
K1Hf1Br4I1_icsd_009027_1,KHfIBr4,False,28,1174.57,-3.834,-3.8178,-3.968,-0.796,-0.9295,-0.0283,,,,,,,,,
K6W1N4_icsd_280585_1,K6WN4,False,22,471.44,-4.6513,-4.6336,-4.693,-0.2501,-0.2918,-0.0271,mp-1246724,K6WN4,0.114,-109.591,-0.39,1.366,35.1,23.2,0.01
Na1Sc2F6Br1_icsd_035428_1,NaSc2BrF6,False,40,717.87,-5.822,-5.8371,-5.895,-1.927,-2.0,-0.0271,,,,,,,,,
K1W3Cd1N7_icsd_161813_1,KCdW3N7,False,24,448.52,-7.6257,-7.6083,-7.648,-0.1133,-0.1355,-0.0266,,,,,,,,,
Li5Ge1N3_icsd_300189_1,Li5GeN3,False,36,334.46,-4.8118,-4.7754,-4.799,-0.1559,-0.1431,-0.026,mp-531553,Li5GeN3,0.011,-696.215,-0.616,2.374,81.5,81.1,0.0
Na1Sc2Ge1F11_icsd_081223_1,NaSc2GeF11,False,15,213.38,-5.7335,-5.5505,-5.739,-1.9923,-1.9978,-0.0259,,,,,,,,,
Na1Sc1Br4_icsd_402273_1,NaScBr4,False,24,775.29,-3.8722,-3.8572,-3.858,-0.8965,-0.8823,-0.0252,mv-25752402,NaScBr4,0.005,-96.392,-1.551,3.493,12.6,6.6,0.0
Na1La1O2_Mg1Hf1N2_sg12_icsd_049016_1_2,NaLaO2,False,16,271.24,-6.589,-6.5182,-6.551,-0.1115,-0.0735,-0.0251,mv-31394461,NaLaO2,-0.001,-53.892,-3.037,3.545,86.4,30.8,0.0
Na1Sc3Cl1Br9_icsd_018100_2,NaSc3Br9Cl,False,28,1281.38,-3.7968,,-3.781,-0.9588,-0.9431,-0.0249,,,,,,,,,
Na1Al1Br4_icsd_035276_1,NaAlBr4,False,24,886.1,-3.2647,-3.2379,-3.261,-0.9306,-0.9269,-0.0248,mv-31566639,NaAlBr4,-0.008,-78.365,-1.348,4.139,10.5,6.8,0.0
K1Sc2Zr1Br11_icsd_081223_1,KZrSc2Br11,False,15,541.67,-3.8689,-3.8441,-3.969,-0.9848,-1.0849,-0.0242,,,,,,,,,
Li1Y2Zr1Br11_icsd_081223_1,LiY2ZrBr11,False,15,520.64,-4.0306,-4.0072,-4.107,-1.0504,-1.1268,-0.0242,,,,,,,,,
Na1Sc1F4_icsd_000389_1,NaScF4,False,24,353.61,-5.9335,-5.9122,-5.92,-2.0134,-1.9998,-0.024,mv-31583512,NaScF4,0.002,-73.303,-3.876,5.936,32.3,19.4,0.0
Li1Y1Br4_icsd_082364_1,LiYBr4,False,12,409.43,-4.0977,-4.0705,-4.111,-1.3959,-1.4092,-0.0237,mv-31568776,LiYBr4,0.042,-101.894,-1.75,3.529,18.5,7.2,0.01
Li1Sc1N8P4_icsd_037011_1,LiSc(PN2)4,False,14,148.14,-7.5716,-7.5069,-7.541,-0.1029,-0.0723,-0.0227,,,,,,,,,
Na1Sc2Al1Cl2Br8_icsd_072364_2,NaSc2Al(Br4Cl)2,False,28,893.4,-3.289,-3.2237,-3.832,-0.272,-0.8152,-0.0225,,,,,,,,,
K1Hf1Zn1Br7_icsd_024423_2,KHfZnBr7,False,40,1569.17,-3.4357,-3.4348,-3.558,-0.7173,-0.8397,-0.022,mv-11922748,KHfZnBr7,0.047,-146.448,-1.317,3.152,8.8,5.3,0.0
Na1Hf1Hg1Br7_icsd_024423_2,NaHfHgBr7,False,40,1617.48,-3.1897,-3.2028,-3.296,-0.7254,-0.8317,-0.0219,mv-13183105,NaHfHgBr7,0.038,-136.742,-1.512,2.277,12.1,5.2,0.0
K1Sc2Al1Br8I2_icsd_072364_2,KSc2Al(IBr4)2,False,28,990.27,-3.284,-3.2062,-3.638,-0.834,-1.1874,-0.0219,,,,,,,,,
Li2Ge1N2_icsd_419587_1,Li2GeN2,False,30,307.85,-5.451,-5.4306,-5.444,-0.1773,-0.1703,-0.0214,mp-1029776,Li2GeN2,0.0,-109.38,-0.584,2.743,95.3,72.8,0.0
Li1Hf1Cd1Br7_icsd_280775_4,LiHfCdBr7,False,40,1530.26,-3.4434,-3.3613,-3.498,-0.7429,-0.7975,-0.0203,mv-13181635,LiHfCdBr7,0.06,-145.493,-1.607,3.029,9.6,3.4,0.0
Na1Sc2F6I1_icsd_035428_1,NaSc2IF6,False,40,743.09,-5.76,-5.7608,-5.813,-1.681,-1.7341,-0.0201,,,,,,,,,
Na1Sc2Hf1F11_icsd_081223_1,NaHfSc2F11,False,15,228.62,-6.4055,-6.414,-6.465,-1.9323,-1.9917,-0.0198,,,,,,,,,
K1Sc1Br4_icsd_194550_1,KScBr4,False,24,893.34,-3.9033,-3.8944,-3.909,-1.3517,-1.3574,-0.0197,mv-31580105,KScBr4,-0.042,-97.76,-1.698,3.298,16.2,3.9,0.0
Na1Y2Zr1Br11_icsd_081223_1,NaY2ZrBr11,False,15,544.89,-4.0311,-3.9971,-4.084,-0.8975,-0.9504,-0.0192,,,,,,,,,
K1Hf1Hg1Br7_icsd_024423_2,KHfHgBr7,False,40,1646.33,-3.2816,-3.2789,-3.332,-0.8018,-0.8522,-0.0191,mv-11931460,KHfHgBr7,0.017,-138.208,-1.202,2.138,7.7,4.5,0.0
K1Hf2Cd1Br11_icsd_078867_1,KHf2CdBr11,False,15,536.27,-3.6525,-3.6459,-3.673,-0.9735,-0.9941,-0.0189,mv-5968025,KHf2CdBr11,0.059,-59.113,-1.69,2.395,8.8,3.7,0.0
Na1Sc1I4_icsd_402273_1,NaScI4,False,24,979.86,-3.3518,-3.3427,-3.346,-0.9525,-0.9467,-0.0187,,,,,,,,,
K1N2P1_icsd_072546_1,KPN2,False,32,417.7,-6.4674,-6.2848,-6.277,-0.2086,-0.0182,-0.0182,,,,,,,,,
K1Sc1Hf1Br8_icsd_248220_4,KHfScBr8,False,44,1738.31,-3.4006,-3.4104,-4.039,-0.7779,-1.4163,-0.0178,,,,,,,,,
Na1Hf1Cd2Br9_icsd_180336_2,NaHfCd2Br9,False,26,991.37,-2.96,-2.9221,-3.198,-0.3966,-0.6347,-0.0175,,,,,,,,,
Na1Sc2F6Cl1_icsd_035428_1,NaSc2ClF6,False,40,706.05,-5.883,-5.8881,-5.966,-2.227,-2.3093,-0.0174,,,,,,,,,
Li1Y2Al1Cl2Br8_icsd_408052_1,LiY2Al(Br4Cl)2,False,28,1081.69,-3.336,-3.2912,-4.004,-0.393,-1.0616,-0.0173,,,,,,,,,
K1Sc1I4_icsd_194550_1,KScI4,False,24,1082.58,-3.3843,-3.3843,-3.401,-0.9467,-0.9634,-0.0167,,,,,,,,,
Li1Hf2Br7I2_icsd_088843_2,LiHf2I2Br7,False,24,808.59,-3.729,-3.6443,-4.035,-0.676,-0.9825,-0.0162,,,,,,,,,
Li1Hf1Hg2Br9_icsd_180336_2,LiHfHg2Br9,False,26,1008.4,-2.6927,-2.6531,-2.931,-0.3737,-0.612,-0.0153,,,,,,,,,
Li1Y2Br3O2_icsd_048199_1,LiY2Br3O2,False,32,699.49,-5.919,-5.9087,-6.006,-0.468,-0.5551,-0.0152,mv-3570250,LiY2Br3O2,0.616,-181.293,-1.87,2.692,17.5,7.6,0.0
Na1Sc1Al2Br8I2_icsd_408052_1,NaScAl2(IBr4)2,False,28,1206.93,-3.064,,-3.383,-0.514,-0.8328,-0.0152,,,,,,,,,
Li1Y2Al1Br8I2_icsd_422132_1,LiY2Al(IBr4)2,False,28,1096.97,-3.278,-3.2376,-3.791,-0.57,-1.0832,-0.015,,,,,,,,,
Na1Sc3Br9I1_icsd_018100_2,NaSc3IBr9,False,28,1340.99,-3.7556,-3.7199,-3.736,-1.1718,-1.1522,-0.0149,,,,,,,,,
Li1Sc2Sn1F11_icsd_078867_1,LiSc2SnF11,False,15,214.26,-5.7828,-5.6528,-5.772,-1.2217,-1.2109,-0.0148,,,,,,,,,
Li1Sc3Br1I9_icsd_018100_2,LiSc3I9Br,False,28,1521.7,-3.2804,,-3.303,-0.6388,-0.6614,-0.0141,,,,,,,,,
K3Y1Br6_icsd_062035_1,K3YBr6,False,20,837.5,-3.7244,-3.727,-3.727,-0.8855,-0.8881,-0.0135,mv-23078012,K3YBr6,-0.017,-76.048,-1.841,3.974,15.8,8.1,0.0
Li1Sc3F8Cl2_icsd_067711_1,LiSc3(ClF4)2,False,14,200.47,-5.5732,-5.5283,-5.892,-1.1333,-1.4521,-0.0135,,,,,,,,,
Li1Sc3Br7N1_icsd_152554_2,LiSc3Br7N,False,24,780.56,-3.8316,-3.6887,-4.724,-0.3398,-1.2322,-0.0131,,,,,,,,,
K2W2Sn1N6_icsd_020837_1,K2Sn(WN3)2,False,22,448.32,-7.1335,-7.0932,-7.192,-0.1411,-0.1996,-0.013,,,,,,,,,
Li1Hf1Br5_icsd_078012_2,LiHfBr5,False,14,491.83,-3.9584,-3.9578,-3.974,-1.0768,-1.0924,-0.0127,mv-19340993,LiHfBr5,0.058,-118.903,-1.414,3.457,10.6,2.7,0.0
Li1Sc2Y1Cl2Br8_icsd_408052_1,LiYSc2(Br4Cl)2,False,28,1054.03,-3.741,-3.6759,-4.176,-0.749,-1.1842,-0.0126,,,,,,,,,
K1Sc3Cl1Br9_icsd_028012_2,KSc3Br9Cl,False,28,1366.97,-3.8267,-4.0234,-3.805,-1.1705,-1.1488,-0.0124,,,,,,,,,
K3Zn1Al1S4_icsd_182574_2,K3AlZnS4,False,36,997.33,-3.9166,-3.9321,-3.954,-0.142,-0.1794,-0.0124,,,,,,,,,
K1Sc2Y1Br8I2_icsd_408052_1,KYSc2(IBr4)2,False,28,1153.36,-3.687,-3.6009,-3.979,-0.961,-1.2534,-0.0122,,,,,,,,,
K3Sc1Br6_icsd_062035_1,K3ScBr6,False,20,799.7,-3.6101,-3.6079,-3.616,-0.8252,-0.8311,-0.0122,mv-22767146,K3ScBr6,-0.045,-148.709,-1.767,2.937,22.6,8.8,0.0
Li1Hf2Zn1Br11_icsd_081223_1,LiHf2ZnBr11,False,15,472.04,-3.6513,-3.6517,-3.672,-0.9184,-0.9391,-0.0119,mv-5967954,LiHf2ZnBr11,0.118,-59.065,-1.611,2.434,16.7,5.8,0.01
K1Hf1Hg1Br6I1_icsd_159097_20,KHfHgIBr6,False,20,760.25,-3.075,-3.0118,-3.302,-0.45,-0.6763,-0.0119,,,,,,,,,
Li1Hf1F1Br4_icsd_072740_1,LiHfBr4F,False,28,900.27,-4.259,-4.195,-4.513,-0.617,-0.8708,-0.0115,,,,,,,,,
K1Hf1Cl1Br4_icsd_009027_1,KHfBr4Cl,False,28,1009.77,-4.094,-4.0723,-4.158,-0.861,-0.9247,-0.0111,,,,,,,,,
Li1Sc2Cd1Br9_icsd_281502_1,LiSc2CdBr9,False,26,915.82,-3.4423,-3.3879,-3.563,-1.0158,-1.1364,-0.0111,,,,,,,,,
K1Y1Br4_icsd_008097_1,KYBr4,False,24,989.36,-4.0896,-4.0806,-4.088,-1.448,-1.4464,-0.011,mv-31583757,KYBr4,0.026,-50.314,-1.842,3.667,16.8,6.8,0.0
K6Sn2S7_icsd_300236_1,K6Sn2S7,False,30,972.49,-3.9041,-3.9143,-3.917,-0.1223,-0.1352,-0.0097,mv-4836547,K6Sn2S7,-0.012,-117.603,-1.319,2.138,16.1,8.7,0.0
K1Zr1Cl1Br4_icsd_009027_1,KZrBr4Cl,False,28,1018.59,-3.876,-3.8395,-3.925,-0.128,-0.1771,-0.0097,,,,,,,,,
Na1Sc2Zr1F11_icsd_081223_1,NaZrSc2F11,False,15,231.18,-6.2779,-6.2803,-6.322,-1.9369,-1.981,-0.0091,,,,,,,,,
K1Hf1Cd2Br9_icsd_180336_2,KHfCd2Br9,False,26,996.95,-3.0146,-2.9727,-3.224,-0.4394,-0.6487,-0.009,,,,,,,,,
Li1Sc2Cd1I9_icsd_281502_1,LiSc2CdI9,False,26,1167.15,-2.934,-2.8809,-3.068,-0.3623,-0.4963,-0.0089,,,,,,,,,
K1W2N6P1_icsd_380488_1,KP(WN3)2,False,40,767.92,-7.9717,-7.975,-8.006,-0.1175,-0.1519,-0.0086,,,,,,,,,
Na1Y1Br4_icsd_082364_1,NaYBr4,False,12,416.78,-4.0496,-4.0288,-4.03,-0.9643,-0.9447,-0.0076,mv-6008908,NaYBr4,0.039,-49.838,-1.787,3.644,18.2,10.8,0.0
Li1Al2Ge1Br11_icsd_081223_1,LiAl2GeBr11,False,15,731.93,-2.7656,-2.7325,-3.158,-0.3165,-0.7089,-0.0076,,,,,,,,,
K1Al1Br2S1_icsd_424505_1,KAlSBr2,False,30,1121.84,-3.79,-3.7665,-3.845,-0.332,-0.387,-0.007,mv-22509838,KAlSBr2,-0.034,-116.231,-1.552,3.951,15.7,3.9,0.0
Na1Sc2Zr1Br11_icsd_081223_1,NaZrSc2Br11,False,15,504.63,-3.8754,-3.8457,-3.915,-0.8217,-0.8612,-0.0069,,,,,,,,,
Na1Y1Al2Br8I2_icsd_408052_1,NaYAl2(IBr4)2,False,28,1131.43,-3.1625,-3.0581,-3.441,-0.4111,-0.6895,-0.0067,,,,,,,,,
K1Hg1Sn1F7_icsd_201526_2,KSnHgF7,False,40,668.7,-4.1388,-4.1353,-4.147,-0.1266,-0.1348,-0.0066,mv-12432671,KSnHgF7,0.025,-164.538,-2.593,1.893,31.0,18.3,0.0
Na5Sc1I8_icsd_067743_1,Na5ScI8,False,14,545.98,-2.9869,-2.9808,-2.983,-0.4199,-0.4159,-0.0065,,,,,,,,,
K2Hf1W2N6_icsd_020837_1,K2Hf(WN3)2,False,22,454.41,-7.8279,-7.8398,-7.955,-0.2239,-0.351,-0.0062,,,,,,,,,
Li1Y1Br2O1_icsd_193711_3,LiYBr2O,False,10,219.6,-5.436,-5.4052,-5.474,-0.412,-0.4502,-0.0061,mv-22511745,LiYBr2O,0.106,-167.621,-2.409,4.065,33.2,15.8,0.01
K2Zr1W2N6_icsd_020837_1,K2Zr(WN3)2,False,22,456.59,-7.6996,-7.6993,-7.789,-0.2445,-0.334,-0.0058,,,,,,,,,
K1Al3Cl2Br8_icsd_020114_1,KAl3(Br4Cl)2,False,28,1416.53,-2.8974,-2.8703,-3.283,-0.4059,-0.7915,-0.0057,,,,,,,,,
Li1Y1Al2Cl2Br8_icsd_408052_1,LiYAl2(Br4Cl)2,False,28,961.66,-3.306,-3.2334,-3.701,-0.499,-0.8941,-0.0055,,,,,,,,,
K1Al3Cl1Br9_icsd_281588_2,KAl3Br9Cl,False,28,1220.67,-3.148,-3.0759,-3.106,-0.833,-0.791,-0.0049,,,,,,,,,
Li1Sc2Zn1Br9_icsd_281502_1,LiSc2ZnBr9,False,26,892.36,-3.3989,-3.3665,-3.591,-0.9379,-1.1299,-0.0046,,,,,,,,,
K1Y2Zr1Br11_icsd_081223_1,KY2ZrBr11,False,15,573.96,-4.047,-4.0086,-4.1,-1.0909,-1.1439,-0.0045,,,,,,,,,
K3Sc1I6_icsd_062035_1,K3ScI6,False,20,991.98,-3.1549,-3.1657,-3.169,-0.5692,-0.5832,-0.0039,mp-1111693,K3ScI6,0.068,-31.827,-1.333,2.249,9.5,4.8,0.0
K1Y2Al1Br8I2_icsd_408052_1,KY2Al(IBr4)2,False,28,1085.3,-3.341,-3.329,-3.785,-0.659,-1.103,-0.0035,,,,,,,,,
Li2Hg1Ge1O4_icsd_002780_1,Li2HgGeO4,False,16,199.86,-5.084,-5.0804,-5.133,-0.131,-0.1799,-0.0032,mv-25911318,Li2HgGeO4,0.001,-163.966,-1.875,1.47,64.7,31.5,0.09
Li1Sc2Ge1F11_icsd_081223_1,LiSc2GeF11,False,15,201.42,-5.7713,-5.5929,-5.795,-1.1756,-1.1993,-0.0032,,,,,,,,,
K1Y2Al1Cl2Br8_icsd_408052_1,KY2Al(Br4Cl)2,False,28,1045.04,-3.403,-3.3629,-3.968,-0.486,-1.0514,-0.003,,,,,,,,,
Li1Al2Br5I2_icsd_249341_2,LiAl2I2Br5,False,40,1800.75,-2.6581,-2.5962,-3.173,-0.2102,-0.7251,-0.003,,,,,,,,,
K1Hf2Hg1Br11_icsd_067512_1,KHf2HgBr11,False,30,961.9,-3.5226,-3.4895,-3.534,-0.9668,-0.9781,-0.003,mv-5968031,KHf2HgBr11,0.045,-57.49,-1.614,0.0,7.3,3.4,0.17
Na1Sc2Cd1F7O1_icsd_166998_4,NaSc2CdOF7,False,24,314.08,-5.031,-5.0611,-5.829,-0.209,-1.0066,-0.0029,,,,,,,,,
K1Ti1Hg2F9_icsd_180336_2,KTiHg2F9,False,26,420.8,-4.2972,-4.2851,-4.319,-0.1503,-0.1721,-0.0028,,,,,,,,,
Li1Y3Cl1Br9_icsd_010384_2,LiY3Br9Cl,False,28,1416.44,-3.9654,-3.935,-3.979,-1.1705,-1.1842,-0.0028,,,,,,,,,
Na1Ti1F5_icsd_171399_1,NaTiF5,False,28,432.72,-5.639,-5.6012,-5.622,-0.3116,-0.2946,-0.0026,mv-20720373,NaTiF5,0.035,-164.733,-3.534,4.827,16.2,9.6,0.0
Li1Ge1O1N1_icsd_183047_2,LiGeNO,False,8,89.76,-6.131,-6.0745,-6.114,-0.147,-0.1304,-0.0025,mv-27802682,LiGeNO,-0.01,-97.89,-1.453,2.61,84.8,45.9,0.0
K1Zr1Cd1Br7_icsd_024423_2,KZrCdBr7,False,40,1389.78,-3.3222,-3.3042,-3.336,-0.1206,-0.1344,-0.0024,mv-12432325,KZrCdBr7,0.012,-139.637,-1.297,0.012,16.1,7.2,0.0
Li5Sc1Br8_icsd_067743_1,Li5ScBr8,False,14,345.78,-3.5826,-3.5717,-3.59,-0.5687,-0.5761,-0.0022,mv-11154638,Li5ScBr8,0.017,-51.098,-1.599,3.408,20.8,11.2,0.01
Li1Sc2Cl1Br6_icsd_035428_1,LiSc2Br6Cl,False,40,1276.36,-3.8,-3.8058,-4.057,-0.949,-1.2062,-0.0022,,,,,,,,,
Li1Hg1Al2Br9_icsd_281502_1,LiAl2HgBr9,False,26,1145.91,-2.6524,-2.6166,-2.919,-0.5448,-0.8114,-0.0022,,,,,,,,,
Li4Y1Br7_icsd_001322_1,Li4YBr7,False,12,395.27,-3.7352,-3.7063,-3.718,-0.7266,-0.7094,-0.0021,mv-7063273,Li4YBr7,0.085,-89.498,-1.576,3.657,18.6,8.3,0.01
K2Hf1Br4I2_icsd_240479_1,K2Hf(IBr2)2,False,9,357.25,-3.6,-3.6314,-3.724,-0.378,-0.5019,-0.0014,mv-4161671,K2Hf(IBr2)2,-0.005,-34.724,-1.468,2.428,9.2,5.1,0.0
K1W3Zn1N7_icsd_161813_1,KZnW3N7,False,24,424.22,-7.6469,-7.6146,-7.706,-0.1046,-0.1637,-0.0011,,,,,,,,,
Na1Sc1Cd1F6_icsd_165986_2,NaScCdF6,False,27,406.21,-5.2109,-5.1932,-5.199,-1.3461,-1.3342,-0.001,mv-24021564,NaScCdF6,0.004,-95.778,-3.438,4.788,32.7,18.8,0.0
K3Cd1Al1S4_icsd_182574_2,K3AlCdS4,False,36,1052.98,-3.8791,-3.8573,-3.87,-0.1688,-0.1597,-0.001,,,,,,,,,
Na1Sc3F8I2_icsd_067711_1,NaSc3(IF4)2,False,14,224.35,-5.3385,-5.2709,-5.586,-1.4367,-1.6842,-0.001,,,,,,,,,
Li1Hf2Br6N1_icsd_411777_1,LiHf2Br6N,False,40,1533.28,-4.893,-4.9064,-5.106,-0.552,-0.7653,-0.0006,,,,,,,,,
Li2Hf2Br8S1_icsd_096086_2,Li2Hf2SBr8,False,13,404.89,-3.843,-3.6844,-4.327,-0.31,-0.7941,-0.0003,,,,,,,,,
Na1Al2Br5I2_icsd_249341_2,NaAl2I2Br5,False,40,1840.99,-2.6095,-2.5425,-3.13,-0.2133,-0.7337,-0.0002,,,,,,,,,
